"MetricId","Description","DataType","MetricFunction","MetricParameter","MetricFormat","DefaultValue","ValueType","MetricType"
MonAgentTalkDuration,Agent - Cumulative Talk Duration,User,TotalStatusGroupDuration,ONPHONE,,,String,Agent
MonAgentTalkDurationPct,Agent - Cumlative Talk Duration Percent,User,TotalStatusGroupPercent,ONPHONE,,,String,Agent
MonAgentActiveInteractionId,Agent - Active Interction ID,User,LongestInteractionId, ,,,String,Agent
QueueNumCompletedCallbacks,QM - Number of Completed Callbacks ,Interactions Summary,InteractionsCount,"(InteractionType==""Callback"") && (CallType==""External"")  && Direction == ""Outgoing"" && IsAnswered",,,String,Agent
QueueNumAcceptedCallbacks,QM - Number of Accepted Callbacks ,Interactions Summary,InteractionsCount,"(InteractionType==""Callback"") && (CallType==""External"")  && Direction == ""Incoming"" && IsAnswered",,,String,Agent
QueueNumIncomingOnlineCalls,QM - Number of Incoming Calls including Waiting,Interactions Summary,InteractionsCount,"(InteractionType==""Call"") && (CallType==""External"")  && Direction == ""Incoming""",,,String,Agent
QueueNumIncomingOnlineCallbacks,QM - Number of Incoming Callbacks including Waiting,Interactions Summary,InteractionsCount,"(InteractionType==""Callback"") && (CallType==""External"")  && Direction == ""Incoming""",,,String,Agent
QueueNumIncomingOnlineCallsAndCallbacks,QM - Number of Incoming Calls and Callbacks including Waiting,Interactions Summary,InteractionsCount,"(InteractionType==""Call"" || InteractionType==""Callback"") && (CallType==""External"")  && Direction == ""Incoming""",,,String,Agent
QueueNumIncomingOnlineChats,QM - Number of Incoming Chats including Waiting,Interactions Summary,InteractionsCount,"(InteractionType==""Chat"")  && Direction == ""Incoming""",,,String,Agent
QueueNumIcomingOnlineInteractions,QM - Number of Incoming Interactions including Waiting,Interactions Summary,InteractionsCount,"(CallType==""External"")  && Direction == ""Incoming"" && (InteractionType==""Chat"" || InteractionType==""email"")",,,String,Agent
QueueNumAbandonefCalls,QM - Number of Abandoned Calls,Interactions Summary,InteractionsCount,"(InteractionType==""Call"") && (CallType==""External"")  && Direction == ""Incoming"" && IsAbandoned && !IsCallbackRequest",,,String,Agent
QueueNumAbandonefCallbacks,QM - Number of Abandoned Callbacks,Interactions Summary,InteractionsCount,"(InteractionType==""Callback"") && (CallType==""External"")  && Direction == ""Incoming"" && IsAbandoned && !IsCallbackRequest",,,String,Agent
QueueNumAbandonedCallsAndCallbacks,QM - Number of Abandoned Calls and Callbacks,Interactions Summary,InteractionsCount,"(InteractionType==""Call"" || InteractionType==""Callback"") && (CallType==""External"")  && Direction == ""Incoming"" && IsAbandoned && !IsCallbackRequest",,,String,Agent
QueueNumAbandonedChats,QM - Number of Abandoned Chats,Interactions Summary,InteractionsCount,"(InteractionType==""Chat"") && (CallType==""External"")  && Direction == ""Incoming"" && IsAbandoned && !IsCallbackRequest",,,String,Agent
QueueNumAbandonedInteractions,QM - Number of Abandoned Interactions,Interactions Summary,InteractionsCount,"(CallType==""External"")  && Direction == ""Incoming"" && IsAbandoned && !IsCallbackRequest && (InteractionType==""Chat"" || InteractionType==""email"")",,,String,Agent
QueueNumCallbackRequests,QM - Number of Callback Requests,Interactions Summary,InteractionsCount,"(CallType==""External"")  && Direction == ""Incoming"" && IsCallbackRequest",,,String,Agent
QueueNumAnsweredCalls,QM - Number of Answered Calls,Interactions Summary,InteractionsCount,"(InteractionType==""Call"") && (CallType==""External"")  && Direction == ""Incoming"" && IsAnswered",,,String,Agent
QueueNumAnsweredCalls60sec,QM - Number of Answered Calls in 60 sec,Interactions Summary,InteractionsCount,"(InteractionType==""Call"") && (CallType==""External"")  && Direction == ""Incoming"" && IsAnswered && TimeInQueue<60",,,String,Agent
MonSumAgentsBreakDurationMax,Agent Group - Max duration of  Break State Group,UsersSummary,UsersInStatusGroupDurationCurMax,BREAK,,,String,Agent
MonAgentNumChatsCompleted,Agent - Number of Answered Chats,User,InteractionsCount,"InteractionType==""Chat"" && Direction==""Incoming"" && !IsTalk && !IsInQueue && IsAnswered",,,String,Agent
QueueBaseAnsweredPct,QM - Base Answered Percent,Interactions Summary,Calc,[QueueNumIncomingOnlineCalls]==0 ? 0 : ((double)[QueueNumAnsweredCalls]/[QueueNumIncomingOnlineCalls]),##0.0%,,String,Agent
QueueExclCallbackReqAnsweredPct,QM - Excluding Callback Requests Answered Percent,Interactions Summary,Calc,([QueueNumIncomingOnlineCalls]-[QueueNumCallbackRequests])==0 ? 0 : ((double)[QueueNumAnsweredCalls]/([QueueNumIncomingOnlineCalls]-[QueueNumCallbackRequests]),##0.0%,,String,Agent
QueueInclCallbackReqAnsweredPct,QM - Including Callback Requests Answered Percent,Interactions Summary,Calc,[QueueNumIncomingOnlineCalls]==0 ? 0 : ((double)([QueueNumAnsweredCalls]+[QueueNumCallbackRequests])/[QueueNumIncomingOnlineCalls]),##0.0%,,String,Agent
QueueInclCompCallbacksAnsweredPct,QM - Including Completed Callbacks Answered Percent,Interactions Summary,Calc,[QueueNumIncomingOnlineCalls]==0 ? 0 : ((double)([QueueNumAnsweredCalls]+[QueueNumCompletedCallbacks])/[QueueNumIncomingOnlineCalls]),##0.0%,,String,Agent
QueuePctAnsweredCalls60secIncLast30min,QM - Percent of Answered Calls in 60 sec Last 30 min from Incoming,Interactions Summary,Calc,[QueueNumIncomingCompletedCalls]==0 ? 0 : ((double)[QueueNumAnsweredCalls60sec]/[QueueNumIncomingCompletedCalls])&&InQueueDateTime>=DateTime.Now.AddHours(-0.5),##0.0%,,String,Agent
QueueNumOnlineChats,QM - Number of Chats,Interactions Summary,InteractionsCount,"InteractionType==""Chat""",,,String,Agent
UserNumMissedCalls,Agent - Number of Missed Calls,User,TotalStatusCount,Missed Call,,,String,Agent
QueueNumIncomingHandledInteractions,QM - Number of Completed Incoming Interactions,Interactions Summary,InteractionsCount,"  (CallType==""External"")  && Direction == ""Incoming"" && !IsTalk && !IsInQueue && !IsAbandoned && (InteractionType==""Chat"" || InteractionType==""email"")",,,String,Agent
QueueSLAIn30secFrom80PctInc,QM - Percent of Answered Calls in 30 sec from 80% Incoming,Interactions Summary,Calc,[QueueNumIncomingCompletedCalls]==0 ? 0 : ((double)[QueueNumAnsweredCalls30sec ]/([QueueNumIncomingCompletedCalls]*0.8)),##0.00%,,String,Agent
QueueNumWrapUpAgents,QM - Number of Wpap Up Agents in Queue Skill,Interactions Summary,UsersInStatusCount,Wrap Up,,,String,Agent
QueueCPH,QM - Calls per Hour,Interactions Summary,CPH,"InteractionType==""Call"" && Direction == ""Incoming""",F2,,String,Agent
UserCPH,Agent - Calls per Hour,User,CPH,"InteractionType==""Call"" && Direction == ""Incoming""",F2,,String,Agent
MessagesMaxFirstResponseTime,QM - Messages Max First Response Time,Interactions Summary,MessagesMaxFirstResponseTime,"Direction==""Incoming""",,,String,Agent
MessagesAvgFirstResponseTime,QM - Messages Avg First Response Time,Interactions Summary,MessagesAvgFirstResponseTime,"Direction==""Incoming""",,,String,Agent
MonAgentNumChatsActive,Agent - Number of Active Chats,User,InteractionsCount,"InteractionType==""Chat"" && IsTalk",,,String,Agent
MessagesAvgResponseTime,QM - Messages Avg Response Time,Interactions Summary,MessagesAvgResponseTime,"Direction==""Incoming""",,,String,Agent
AgentMessagesAvgResponseTime,Agent - Messages Avg Response Time,User,MessagesAvgResponseTime,"Direction==""Incoming""",,,String,Agent
AgentMessagesAvgFirstResponseTime,Agent - Messages Avg First Response Time,User,MessagesAvgFirstResponseTime,"Direction==""Incoming""",,,String,Agent
QueueNumAnsweredCallbacks,QM - Number of Answered Callbacks,Interactions Summary,InteractionsCount,"(InteractionType==""Callback"") && (CallType==""External"")  && Direction == ""Incoming"" && IsAnswered",,,String,Agent
QueueNumAnsweredCallsAndCallbacks,QM - Number of Answered Calls and Callbacks,Interactions Summary,InteractionsCount,"(InteractionType==""Call"" || InteractionType==""Callback"") && (CallType==""External"")  && Direction == ""Incoming"" && IsAnswered",,,String,Agent
QueueNumAnsweredChats,QM - Number of Answered Chats,Interactions Summary,InteractionsCount,"(InteractionType==""Chat"") && (CallType==""External"")  && Direction == ""Incoming"" && IsAnswered",,,String,Agent
QueueNumAnsweredInteractions,QM - Number of Answered Interactions,Interactions Summary,InteractionsCount,"(CallType==""External"")  && Direction == ""Incoming"" && IsAnswered && (InteractionType==""Chat"" || InteractionType==""email"")",,,String,Agent
QueueNumIncomingCompletedCalls,QM - Number of Incoming Calls exluding Waiting,Interactions Summary,InteractionsCount,"(InteractionType==""Call"") && (CallType==""External"")  && Direction == ""Incoming"" && !IsInQueue && !IsCallbackRequest",,,String,Agent
QueueNumIncomingCompletedCallbacks,QM - Number of Incoming Callbacks exluding Waiting,Interactions Summary,InteractionsCount,"(InteractionType==""Callback"") && (CallType==""External"")  && Direction == ""Incoming"" && !IsInQueue && !IsCallbackRequest",,,String,Agent
QueueNumIncomingCompletedCallsAndCallbacks,QM - Number of Incoming Calls and Callbacks exluding Waiting,Interactions Summary,InteractionsCount,"(InteractionType==""Call"" || InteractionType==""Callback"") && (CallType==""External"")  && Direction == ""Incoming"" && !IsInQueue && !IsCallbackRequest",,,String,Agent
QueueNumIncomingCompletedChats,QM - Number of Incoming Chats exluding Waiting,Interactions Summary,InteractionsCount,"(InteractionType==""Chat"") && (CallType==""External"")  && Direction == ""Incoming"" && !IsInQueue  && !IsCallbackRequest",,,String,Agent
QueueNumIncomingCompletedInteractions,QM - Number of Incoming Interactions exluding Waiting,Interactions Summary,InteractionsCount,"(CallType==""External"")  && Direction == ""Incoming"" && !IsInQueue  && !IsCallbackRequest && (InteractionType==""Chat"" || InteractionType==""email"")",,,String,Agent
QueueNumWaitingCalls,QM - Number of Waiting Calls,Interactions Summary,InteractionsCount,"(InteractionType==""Call"") && (CallType==""External"")  && Direction == ""Incoming"" && IsInQueue",,,String,Agent
QueueNumWaitingCallbacks,QM - Number of Waiting Callbacks,Interactions Summary,InteractionsCount,"(InteractionType==""Callback"") && (CallType==""External"")  && Direction == ""Incoming"" && IsInQueue",,,String,Agent
QueueNumWaitingCallsAndCallbacks,QM - Number of Waiting Calls and Callbacks,Interactions Summary,InteractionsCount,"(InteractionType==""Call"" || InteractionType==""Callback"") && (CallType==""External"")  && Direction == ""Incoming"" && IsInQueue",,,String,Agent
QueueNumWaitingChats,QM - Number of Waiting Chats,Interactions Summary,NumWaitings,"(InteractionType==""Chat"") && (CallType==""External"")  && Direction == ""Incoming""",,,String,Agent
QueueNumWaitingInteractions,QM - Number of Waiting Interactions,Interactions Summary,NumWaitings,"(CallType==""External"")  && Direction == ""Incoming"" && (InteractionType==""Chat"" || InteractionType==""email"")",,,String,Agent
QueueCurMaxWaitTimeCalls,QM - Current Max Wait Time of Calls in Queue,Interactions Summary,WaitDurationCurMax,"(InteractionType==""Call"") && (CallType==""External"")  && Direction == ""Incoming""",,,String,Agent
QueueCurMaxWaitTimeCallbacks,QM - Current Max Wait Time of Callbacks in Queue,Interactions Summary,WaitDurationCurMax,"(InteractionType==""Callback"") && (CallType==""External"")  && Direction == ""Incoming""",,,String,Agent
QueueCurMaxWaitTimeCallsAndCallbacks,QM - Current Max Wait Time of Calls and Callbacks in Queue,Interactions Summary,WaitDurationCurMax,"(InteractionType==""Call"" || InteractionType==""Callback"") && (CallType==""External"")  && Direction == ""Incoming""",,,String,Agent
QueueCurMaxWaitTimeChats,QM - Current Max Wait Time of Chats in Queue,Interactions Summary,WaitDurationCurMax,"(InteractionType==""Chat"") && (CallType==""External"")  && Direction == ""Incoming""",,,String,Agent
QueueCurMaxWaitTimeInteractions,QM - Current Max Wait Time of Interactions in Queue,Interactions Summary,WaitDurationCurMax,"(CallType==""External"")  && Direction == ""Incoming"" && (InteractionType==""Chat"" || InteractionType==""email"")",,,String,Agent
QueuePctAnsweredCallsTotal,QM - Percent of Answered Calls,Interactions Summary,Calc,[QueueNumIncomingCompletedCalls]==0 ? 0 : ((double)[QueueNumAnsweredCalls]/[QueueNumIncomingCompletedCalls]),##0.0%,,String,Agent
QueuePctAnsweredCallbacksTotal,QM - Percent of Answered Callbacks,Interactions Summary,Calc,[QueueNumIncomingCompletedCallbacks]==0 ? 0 : ((double)[QueueNumAnsweredCallbacks]/[QueueNumIncomingCompletedCallbacks]),##0.0%,,String,Agent
QueuePctAnsweredCallsAndCallbacksTotal,QM - Percent of Answered Calls and Callbacks,Interactions Summary,Calc,[QueueNumIncomingCompletedCallsAndCallbacks]==0 ? 0 : ((double)[QueueNumAnsweredCallsAndCallbacks]/[QueueNumIncomingCompletedCallsAndCallbacks]),##0.0%,,String,Agent
QueuePctAnsweredChatsTotal,QM - Percent of Answered Chats,Interactions Summary,Calc,[QueueNumIncomingCompletedChats]==0 ? 0 : ((double)[QueueNumAnsweredChats]/[QueueNumIncomingCompletedChats]),##0.0%,,String,Agent
QueuePctAnsweredInteractionsTotal,QM - Percent of Answered Interactions,Interactions Summary,Calc,[QueueNumIncomingCompletedInteractions]==0 ? 0 : ((double)[QueueNumAnsweredInteractions]/[QueueNumIncomingCompletedInteractions]),##0.0%,,String,Agent
QueuePctAbandonedCallsTotal,QM - Percent of Abandoned Calls,Interactions Summary,Calc,[QueueNumIncomingCompletedCalls]==0 ? 0 : ((double)[QueueNumAbandonedCalls]/[QueueNumIncomingCompletedCalls]),##0.0%,,String,Agent
QueuePctAbandonedCallbacksTotal,QM - Percent of Abandoned Callbacks,Interactions Summary,Calc,[QueueNumIncomingCompletedCallbacks]==0 ? 0 : ((double)[QueueNumAbandonedCallbacks]/[QueueNumIncomingCompletedCallbacks]),##0.0%,,String,Agent
QueuePctAbandonedCallsAndCallbacksTotal,QM - Percent of Abandoned Calls and Callbacks,Interactions Summary,Calc,[QueueNumIncomingCompletedCallsAndCallbacks]==0 ? 0 : ((double)[QueueNumAbandonedCallsAndCallbacks]/[QueueNumIncomingCompletedCallsAndCallbacks]),##0.0%,,String,Agent
QueuePctAbandonedInteractionsTotal,QM - Percent of Abandoned Interactions,Interactions Summary,Calc,[QueueNumIncomingCompletedInteractions]==0 ? 0 : ((double)[QueueNumAbandonedInteractions]/[QueueNumIncomingCompletedInteractions]),##0.0%,,String,Agent
QueuePctAbandonedChatsTotal,QM - Percent of Abandoned Chats,Interactions Summary,Calc,[QueueNumIncomingCompletedChats]==0 ? 0 : ((double)[QueueNumAbandonedChats]/[QueueNumIncomingCompletedChats]),##0.0%,,String,Agent
QueueNumAnsweredCalls30sec,QM - Number of Answered Calls in 30 sec,Interactions Summary,InteractionsCount,"(InteractionType==""Call"") && (CallType==""External"")  && Direction == ""Incoming"" && IsAnswered && TimeInQueue<30",,,String,Agent
QueueNumAnsweredCallbacks30sec,QM - Number of Answered Callbacks in 30 sec,Interactions Summary,InteractionsCount,"(InteractionType==""Callback"") && (CallType==""External"")  && Direction == ""Incoming"" && IsAnswered  && TimeInQueue<30",,,String,Agent
QueueNumAnsweredCallsAndCallbacks30sec,QM - Number of Answered Calls and Callbacks in 30 sec,Interactions Summary,InteractionsCount,"(InteractionType==""Call"" || InteractionType==""Callback"") && (CallType==""External"")  && Direction == ""Incoming"" && IsAnswered && TimeInQueue<30",,,String,Agent
QueueNumAnsweredChats30sec,QM - Number of Answered Chats in 30 sec,Interactions Summary,InteractionsCount,"(InteractionType==""Chat"") && (CallType==""External"")  && Direction == ""Incoming"" && IsAnswered && TimeInQueue<30",,,String,Agent
QueueNumAnsweredInteractions30sec,QM - Number of Answered Interactions in 30 sec,Interactions Summary,InteractionsCount,"(CallType==""External"")  && Direction == ""Incoming"" && IsAnswered && TimeInQueue<30 && (InteractionType==""Chat"" || InteractionType==""email"")",,,String,Agent
QueueNumAnsweredCallbacks60sec,QM - Number of Answered Calls in 60 sec,Interactions Summary,InteractionsCount,"(InteractionType==""Callback"") && (CallType==""External"")  && Direction == ""Incoming"" && IsAnswered  && TimeInQueue<60",,,String,Agent
QueueNumAnsweredCallsAndCallbacks60sec,QM - Number of Answered Calls and Callbacks in 60 sec,Interactions Summary,InteractionsCount,"(InteractionType==""Call"" || InteractionType==""Callback"") && (CallType==""External"")  && Direction == ""Incoming"" && IsAnswered && TimeInQueue<60",,,String,Agent
QueueNumAnsweredChats60sec,QM - Number of Answered Chats in 60 sec,Interactions Summary,InteractionsCount,"(InteractionType==""Chat"") && (CallType==""External"")  && Direction == ""Incoming"" && IsAnswered && TimeInQueue<60",,,String,Agent
QueueNumAnsweredInteractions60sec,QM - Number of Answered Interactions in 60 sec,Interactions Summary,InteractionsCount,"(CallType==""External"")  && Direction == ""Incoming"" && IsAnswered && TimeInQueue<60 && (InteractionType==""Chat"" || InteractionType==""email"")",,,String,Agent
QueueNumAnsweredCalls120sec,QM - Number of Answered Calls in 120 sec,Interactions Summary,InteractionsCount,"(InteractionType==""Call"") && (CallType==""External"")  && Direction == ""Incoming"" && IsAnswered && TimeInQueue<120",,,String,Agent
QueueNumAnsweredCallbacks120sec,QM - Number of Answered Callbacks in 120 sec,Interactions Summary,InteractionsCount,"(InteractionType==""Callback"") && (CallType==""External"")  && Direction == ""Incoming"" && IsAnswered  && TimeInQueue<120",,,String,Agent
QueueNumAnsweredCallsAndCallbacks120sec,QM - Number of Answered Calls and Callbacks in 120 sec,Interactions Summary,InteractionsCount,"(InteractionType==""Call"" || InteractionType==""Callback"") && (CallType==""External"")  && Direction == ""Incoming"" && IsAnswered && TimeInQueue<120",,,String,Agent
QueueNumAnsweredChats120sec,QM - Number of Answered Chats in 120 sec,Interactions Summary,InteractionsCount,"(InteractionType==""Chat"") && (CallType==""External"")  && Direction == ""Incoming"" && IsAnswered && TimeInQueue<120",,,String,Agent
QueueNumAnsweredInteractions120sec,QM - Number of Answered Interactions in 120 sec,Interactions Summary,InteractionsCount,"(CallType==""External"")  && Direction == ""Incoming"" && IsAnswered && TimeInQueue<120 && (InteractionType==""Chat"" || InteractionType==""email"")",,,String,Agent
QueueAvgWaitTimeCalls,QM - Average Wait Time of Calls in Queue,Interactions Summary,WaitDurationAvg,"(InteractionType==""Call"") && (CallType==""External"")  && Direction == ""Incoming"" && !IsInQueue",,,String,Agent
QueueAvgWaitTimeCallbacks,QM - Average Wait Time of Callbacks in Queue,Interactions Summary,WaitDurationAvg,"(InteractionType==""Callback"") && (CallType==""External"")  && Direction == ""Incoming"" && !IsInQueue",,,String,Agent
QueueAvgWaitTimeCallsAndCallbacks,QM - Average Wait Time of Calls and Callbacks in Queue,Interactions Summary,WaitDurationAvg,"(InteractionType==""Call"" || InteractionType==""Callback"") && (CallType==""External"")  && Direction == ""Incoming"" && !IsInQueue",,,String,Agent
QueueAvgWaitTimeChats,QM - Average Wait Time of Chats in Queue,Interactions Summary,WaitDurationAvg,"(InteractionType==""Chat"") && (CallType==""External"")  && Direction == ""Incoming"" && !IsInQueue",,,String,Agent
QueueAvgWaitTimeInteractions,QM - Average Wait Time of Interactions in Queue,Interactions Summary,WaitDurationAvg,"(CallType==""External"")  && Direction == ""Incoming"" && !IsInQueue && (InteractionType==""Chat"" || InteractionType==""email"")",,,String,Agent
QueueAvgTimeToAbandCalls,QM - Average Time to Aband of Calls in Queue,Interactions Summary,WaitDurationAvg,"(InteractionType==""Call"") && (CallType==""External"")  && Direction == ""Incoming"" && !IsInQueue && IsAbandoned",,,String,Agent
QueueAvgTimeToAbandCallbacks,QM - Average Time to Aband of Callbacks in Queue,Interactions Summary,WaitDurationAvg,"(InteractionType==""Callback"") && (CallType==""External"")  && Direction == ""Incoming"" && !IsInQueue && IsAbandoned",,,String,Agent
QueueAvgTimeToAbandCallsAndCallbacks,QM - Average Time to Aband of Calls and Callbacks in Queue,Interactions Summary,WaitDurationAvg,"(InteractionType==""Call"" || InteractionType==""Callback"") && (CallType==""External"")  && Direction == ""Incoming"" && !IsInQueue && IsAbandoned",,,String,Agent
QueueAvgTimeToAbandChats,QM - Average Time to Aband of Chats in Queue,Interactions Summary,WaitDurationAvg,"(InteractionType==""Chat"") && (CallType==""External"")  && Direction == ""Incoming"" && !IsInQueue && IsAbandoned",,,String,Agent
QueueAvgTimeToAbandInteractions,QM - Average Time to Aband of Interactions in Queue,Interactions Summary,WaitDurationAvg,"(CallType==""External"")  && Direction == ""Incoming"" && !IsInQueue && IsAbandoned && (InteractionType==""Chat"" || InteractionType==""email"")",,,String,Agent
QueueNumActiveCalls,QM - Number of Active Calls in Queue,Interactions Summary,InteractionsCount,"(InteractionType==""Call"") && (CallType==""External"")  && Direction == ""Incoming"" && IsTalk",,,String,Agent
QueueNumActiveCallbacks,QM - Number of Active Callbacks in Queue,Interactions Summary,InteractionsCount,"(InteractionType==""Callback"") && (CallType==""External"")  && Direction == ""Incoming"" && IsTalk",,,String,Agent
MonAgentTelState,Agent - Active Interaction State,User,LongestInteractionState,"",,,String,Agent
QueueNumActiveCallsAndCallbacks,QM - Number of Active Calls and Callbacks in Queue,Interactions Summary,InteractionsCount,"CallType==""External"" && Direction==""Incoming""&& (InteractionType==""Call"" || InteractionType==""Callback"")&& IsTalk",,,String,Agent
QueueNumActiveChats,QM - Number of Active Chats in Queue,Interactions Summary,InteractionsCount,"(InteractionType==""Chat"") && (CallType==""External"")  && Direction == ""Incoming"" && IsTalk",,,String,Agent
QueueNumActiveInteractions,QM - Number of Active Interactions in Queue,Interactions Summary,InteractionsCount,"(CallType==""External"")  && Direction == ""Incoming"" && IsTalk && (InteractionType==""Chat"" || InteractionType==""email"")",,,String,Agent
QueueNumOnCallAgents,QM - Number of On Call Agents in Queue Skill,Interactions Summary,UsersInStatusGroupCount,ONPHONE,,,String,Agent
QueueAvgTalkingDurationCalls,QM - Average Talking Duration of Calls,Interactions Summary,TalkDurationAvg,"(InteractionType==""Call"") && (CallType==""External"")  && Direction == ""Incoming"" && !IsTalk && !IsInQueue",,,String,Agent
QueueAvgTalkingDurationCallbacks,QM - Average Talking Duration of Callbacks,Interactions Summary,TalkDurationAvg,"(InteractionType==""Callback"") && (CallType==""External"")  && Direction == ""Incoming"" && !IsTalk && !IsInQueue",,,String,Agent
QueueAvgTalkingDurationCallsAndCallbacks,QM - Average Talking Duration of Calls and Callbacks,Interactions Summary,TalkDurationAvg,"(InteractionType==""Call"" || InteractionType==""Callback"") && (CallType==""External"")  && Direction == ""Incoming"" && !IsTalk && !IsInQueue",,,String,Agent
QueueAvgTalkingDurationChats,QM - Average Talking Duration of Chats,Interactions Summary,TalkDurationAvg,"(InteractionType==""Chat"") && (CallType==""External"")  && Direction == ""Incoming"" && !IsTalk && !IsInQueue",,,String,Agent
QueueAvgTalkingDurationInteractions,QM - Average Talking Duration of Interactions,Interactions Summary,TalkDurationAvg,"(CallType==""External"")  && Direction == ""Incoming"" && !IsTalk && !IsInQueue",,,String,Agent
QueuePctAnsweredCalls30secInc,QM - Percent of Answered Calls in 30 sec from Incoming,Interactions Summary,Calc,[QueueNumIncomingCompletedCalls]==0 ? 0 : ((double)[QueueNumAnsweredCalls30sec]/[QueueNumIncomingCompletedCalls]),##0.0%,,String,Agent
QueuePctAnsweredCallbacks30secInc,QM - Percent of Answered Callbacks in 30 sec from Incoming,Interactions Summary,Calc,[QueueNumIncomingCompletedCallbacks]==0 ? 0 : ((double)[QueueNumAnsweredCallbacks30sec]/[QueueNumIncomingCompletedCallbacks]),##0.0%,,String,Agent
QueuePctAnsweredCallsAndCallbacks30secInc,QM - Percent of Answered Calls and Callbacks in 30 sec from Incoming,Interactions Summary,Calc,[QueueNumIncomingCompletedCallsAndCallbacks]==0 ? 0 : ((double)[QueueNumAnsweredCallsAndCallbacks30sec]/[QueueNumIncomingCompletedCallsAndCallbacks]),##0.0%,,String,Agent
QueuePctAnsweredChats30secInc,QM - Percent of Answered Chats in 30 sec from Incoming,Interactions Summary,Calc,[QueueNumIncomingCompletedChats]==0 ? 0 : ((double)[QueueNumAnsweredChats30sec]/[QueueNumIncomingCompletedChats]),##0.0%,,String,Agent
QueuePctAnsweredInteractions30secInc,QM - Percent of Answered Interactions in 30 sec from Incoming,Interactions Summary,Calc,[QueueNumIncomingCompletedInteractions]==0 ? 0 : ((double)[QueueNumAnsweredInteractions30sec]/[QueueNumIncomingCompletedInteractions]),##0.0%,,String,Agent
QueuePctAnsweredCalls30secAns,QM - Percent of Answered Calls in 30 sec from Answered,Interactions Summary,Calc,[QueueNumAnsweredCalls]==0 ? 0 : ((double)[QueueNumAnsweredCalls30sec]/[QueueNumAnsweredCalls]),##0.0%,,String,Agent
QueuePctAnsweredCallbacks30secAns,QM - Percent of Answered Callbacks in 30 sec from Answered,Interactions Summary,Calc,[QueueNumAnsweredCallbacks]==0 ? 0 : ((double)[QueueNumAnsweredCallbacks30sec]/[QueueNumAnsweredCallbacks]),##0.0%,,String,Agent
QueuePctAnsweredCallsAndCallbacks30secAns,QM - Percent of Answered Calls and Callbacks in 30 sec from Answered,Interactions Summary,Calc,[QueueNumAnsweredCallsAndCallbacks]==0 ? 0 : ((double)[QueueNumAnsweredCallsAndCallbacks30sec]/[QueueNumAnsweredCallsAndCallbacks]),##0.0%,,String,Agent
QueuePctAnsweredChats30secAns,QM - Percent of Answered Chats in 30 sec from Answered,Interactions Summary,Calc,[QueueNumAnsweredChats]==0 ? 0 : ((double)[QueueNumAnsweredChats30sec]/[QueueNumAnsweredChats]),##0.0%,,String,Agent
QueuePctAnsweredInteractions30secAns,QM - Percent of Answered Interactions in 30 sec from Answered,Interactions Summary,Calc,[QueueNumAnsweredInteractions]==0 ? 0 : ((double)[QueueNumAnsweredInteractions30sec]/[QueueNumAnsweredInteractions]),##0.0%,,String,Agent
QueuePctAnsweredCalls60secInc,QM - Percent of Answered Calls in 60 sec from Incoming,Interactions Summary,Calc,[QueueNumIncomingCompletedCalls]==0 ? 0 : ((double)[QueueNumAnsweredCalls60sec]/[QueueNumIncomingCompletedCalls]),##0.0%,,String,Agent
QueuePctAnsweredCallbacks60secInc,QM - Percent of Answered Callbacks in 60 sec from Incoming,Interactions Summary,Calc,[QueueNumIncomingCompletedCallbacks]==0 ? 0 : ((double)[QueueNumAnsweredCallbacks60sec]/[QueueNumIncomingCompletedCallbacks]),##0.0%,,String,Agent
QueuePctAnsweredCallsAndCallbacks60secInc,QM - Percent of Answered Calls and Callbacks in 60 sec from Incoming,Interactions Summary,Calc,[QueueNumIncomingCompletedCallsAndCallbacks]==0 ? 0 : ((double)[QueueNumAnsweredCallsAndCallbacks60sec]/[QueueNumIncomingCompletedCallsAndCallbacks]),##0.0%,,String,Agent
QueuePctAnsweredChats60secInc,QM - Percent of Answered Chats in 60 sec from Incoming,Interactions Summary,Calc,[QueueNumIncomingCompletedChats]==0 ? 0 : ((double)[QueueNumAnsweredChats60sec]/[QueueNumIncomingCompletedChats]),##0.0%,,String,Agent
QueuePctAnsweredInteractions60secInc,QM - Percent of Answered Interactions in 60 sec from Incoming,Interactions Summary,Calc,[QueueNumIncomingCompletedInteractions]==0 ? 0 : ((double)[QueueNumAnsweredInteractions60sec]/[QueueNumIncomingCompletedInteractions]),##0.0%,,String,Agent
QueuePctAnsweredCalls60secAns,QM - Percent of Answered Calls in 60 sec from Answered,Interactions Summary,Calc,[QueueNumAnsweredCalls]==0 ? 0 : ((double)[QueueNumAnsweredCalls60sec]/[QueueNumAnsweredCalls]),##0.0%,,String,Agent
QueuePctAnsweredCallbacks60secAns,QM - Percent of Answered Callbacks in 60 sec from Answered,Interactions Summary,Calc,[QueueNumAnsweredCallbacks]==0 ? 0 : ((double)[QueueNumAnsweredCallbacks60sec]/[QueueNumAnsweredCallbacks]),##0.0%,,String,Agent
QueuePctAnsweredCallsAndCallbacks60secAns,QM - Percent of Answered Calls and Callbacks in 60 sec from Answered,Interactions Summary,Calc,[QueueNumAnsweredCallsAndCallbacks]==0 ? 0 : ((double)[QueueNumAnsweredCallsAndCallbacks60sec]/[QueueNumAnsweredCallsAndCallbacks]),##0.0%,,String,Agent
QueuePctAnsweredChats60secAns,QM - Percent of Answered Chats in 60 sec from Answered,Interactions Summary,Calc,[QueueNumAnsweredChats]==0 ? 0 : ((double)[QueueNumAnsweredChats60sec]/[QueueNumAnsweredChats]),##0.0%,,String,Agent
QueuePctAnsweredInteractions60secAns,QM - Percent of Answered Interactions in 60 sec from Answered,Interactions Summary,Calc,[QueueNumAnsweredInteractions]==0 ? 0 : ((double)[QueueNumAnsweredInteractions60sec]/[QueueNumAnsweredInteractions]),##0.0%,,String,Agent
QueuePctAnsweredCalls120secInc,QM - Percent of Answered Calls in 120 sec from Incoming,Interactions Summary,Calc,[QueueNumIncomingCompletedCalls]==0 ? 0 : ((double)[QueueNumAnsweredCalls120sec]/[QueueNumIncomingCompletedCalls]),##0.0%,,String,Agent
MonSumAgentsInMissedCall,Agent Group - Number of Agents on Missed Call,UsersSummary,UsersInStatusCount,Missed Call,,,String,Agent
QueuePctAnsweredCallbacks120secInc,QM - Percent of Answered Callbacks in 120 sec from Incoming,Interactions Summary,Calc,[QueueNumIncomingCompletedCallbacks]==0 ? 0 : ((double)[QueueNumAnsweredCallbacks120sec]/[QueueNumIncomingCompletedCallbacks]),##0.0%,,String,Agent
QueuePctAnsweredCallsAndCallbacks120secInc,QM - Percent of Answered Calls and Callbacks in 120 sec from Incoming,Interactions Summary,Calc,[QueueNumIncomingCompletedCallsAndCallbacks]==0 ? 0 : ((double)[QueueNumAnsweredCallsAndCallbacks120sec]/[QueueNumIncomingCompletedCallsAndCallbacks]),##0.0%,,String,Agent
QueuePctAnsweredChats120secInc,QM - Percent of Answered Chats in 120 sec from Incoming,Interactions Summary,Calc,[QueueNumIncomingCompletedChats]==0 ? 0 : ((double)[QueueNumAnsweredChats120sec]/[QueueNumIncomingCompletedChats]),##0.0%,,String,Agent
QueuePctAnsweredInteractions120secInc,QM - Percent of Answered Interactions in 120 sec from Incoming,Interactions Summary,Calc,[QueueNumIncomingCompletedInteractions]==0 ? 0 : ((double)[QueueNumAnsweredInteractions120sec]/[QueueNumIncomingCompletedInteractions]),##0.0%,,String,Agent
QueuePctAnsweredCalls120secAns,QM - Percent of Answered Calls in 120 sec from Answered,Interactions Summary,Calc,[QueueNumAnsweredCalls]==0 ? 0 : ((double)[QueueNumAnsweredCalls120sec]/[QueueNumAnsweredCalls]),##0.0%,,String,Agent
QueuePctAnsweredCallbacks120secAns,QM - Percent of Answered Callbacks in 120 sec from Answered,Interactions Summary,Calc,[QueueNumAnsweredCallbacks]==0 ? 0 : ((double)[QueueNumAnsweredCallbacks120sec]/[QueueNumAnsweredCallbacks]),##0.0%,,String,Agent
QueuePctAnsweredCallsAndCallbacks120secAns,QM - Percent of Answered Calls and Callbacks in 120 sec from Answered,Interactions Summary,Calc,[QueueNumAnsweredCallsAndCallbacks]==0 ? 0 : ((double)[QueueNumAnsweredCallsAndCallbacks120sec]/[QueueNumAnsweredCallsAndCallbacks]),##0.0%,,String,Agent
QueuePctAnsweredChats120secAns,QM - Percent of Answered Chats in 120 sec from Answered,Interactions Summary,Calc,[QueueNumAnsweredChats]==0 ? 0 : ((double)[QueueNumAnsweredChats120sec]/[QueueNumAnsweredChats]),##0.0%,,String,Agent
QueuePctAnsweredInteractions120secAns,QM - Percent of Answered Interactions in 120 sec from Answered,Interactions Summary,Calc,[QueueNumAnsweredInteractions]==0 ? 0 : ((double)[QueueNumAnsweredInteractions120sec]/[QueueNumAnsweredInteractions]),##0.0%,,String,Agent
QueueNumberOfLoggedAgents,QM - Number of Logged In Agents,Interactions Summary,LogedInUsersCount, ,,,String,Agent
MonAgentCurrentLoginDuration,Agent - Current Login Duration,User,CurLoginDuration,"",,,String,Agent
MonSumAgentsAverageCallDuration,Agent Group - Average Talk Duration in Incoming Calls and Callbacks,UsersInteraction,TalkDurationAvg,"CallType==""External"" && Direction==""Incoming"" && (InteractionType == ""Call"" || InteractionType == ""Callback"") && !IsTalk && !IsInQueue",,,String,Agent
UserNumAllIntercom,Agent - Number of Internal Calls,User,InteractionsCount,"CallType==""Intercom""",,,String,Agent
MonAgentNumberOfInboundCalls15sec,Agent - Number of Incoming Calls with Talk Time less than 15 seconds,User,InteractionsCount,"CallType==""External"" && Direction==""Incoming"" &&  TalkTime<15 && (InteractionType==""Call"" || InteractionType==""Callback"")",,,String,Agent
MonAgentNumberOfInboundCalls10Min,Agent - Number of Incoming Calls with Talk Time more than 10 minutes,User,InteractionsCount,"CallType==""External"" && Direction==""Incoming"" && TalkTime>600 && (InteractionType==""Call"" || InteractionType==""Callback"")",,,String,Agent
MonAgentNumberOfInboundCallsDialer,Agent Group - Number of Dialer Calls,User,InteractionsCount," InteractionType==""Dialer"" && (CallType==""External"" || CallType==""Intercom"") && Direction==""Incoming""",,,String,Agent
RemotePhoneNumber,Agent - Active Interaction Customer Phone Number,User,LongestInteractionRemoteAddress, ,,,String,Agent
QueueLoginDataNumAvailableUsers,Agent Group - Number of Available Agents,UsersSummary,UsersInStatusGroupCount,AVAILABLE,,,String,Agent
MonAgentAvailableDuration,Agent - Available State Duration,User,TotalStatusGroupDuration,AVAILABLE,,,String,Agent
MonAgentNumberOfInboundCallsWithIntercom,Agent - Number of Incoming External and Internal Calls,User,InteractionsCount," (CallType==""External"" || CallType==""Intercom"") && Direction==""Incoming""  && (InteractionType==""Call"" || InteractionType==""Callback"")",,,String,Agent
MonAgentTodayLogin,Change -ID of a representative who was connected that day,User,IsTodayLogin,"",,,String,Agent
QueueLoginDataNumLoggedUsers,Agent Group - Number of Curently Logged in Users,UsersSummary,LogedInUsersCount,"",,,String,Agent
QueueLoginDataNumBreakUsers,Agent Group - Number of Agents in Break State Group,UsersSummary,UsersInStatusGroupCount,BREAK,,,String,Agent
QueueLoginDataNumPaperworkUsers,Agent Group - Number of Agents in Paperwork State Group,UsersSummary,UsersInStatusGroupCount,PAPERWORK,,,String,Agent
UsersSumOnCall,Agent Group - Number of On Call Agents,UsersSummary,UsersInStatusGroupCount,ONPHONE,,,String,Agent
MonAgentStation,Agent - Station ID,User,Station,"",,,String,Agent
MonAgentDurationOfCurrentCall,Agent - Current Incoming Ext Call Duration,User,CurStatusDuration,Incoming Ext Call,,,String,Agent
MonAgentNumberOfInboundCallsOnly,Agent - Number of Incoming External Calls,User,InteractionsCount," (InteractionType==""Call"" ||  InteractionType==""Callback"") && (CallType==""External"" || CallType==""Intercom"") && Direction==""Incoming""",,,String,Agent
MonAgentUserId,Agent - User ID,User,UserID,"",,,String,Agent
MonAgentAverageMakeCallDuration,Agent - Average Oubound Call Duration,User,TotalStatusDurationAvg,Out Ext Call,,,String,Agent
MonAgentAverageAgentDialerDuration,Agent - Average Dialer Calls Duration,User,TotalStatusDurationAvg,Campaign Call,,,String,Agent
AgentLoginName,Agent - Login Name,User,DisplayName,"",,,String,Agent
MonActiveCampaign,Agent - Active Interaction Queue Name,User,LongestInteractionWorkgroup,"",,,String,Agent
MonInteractionType,Agent - Active Interaction Type,User,LongestInteractionType,"",,,String,Agent
MonAgentState,Agent - Current Satatus,User,CurStatusTitle,"",,,String,Agent
MonAgentDurationOfCalls,Agent - Cumulative  Incoming Ext Call Duration,User,TotalStatusDuration,Incoming Ext Call,,,String,Agent
MonAgentAverageCallDuration,Agent - Average Handling Duration,User,TotalStatusGroupDurationAvg,ONPHONE,,,String,Agent
MonAgentExtension,Agent - Extension ID,User,UserExtension,"",,,String,Agent
MonAgentStateDuration,Agent - Current Status Duration,User,CurStatusDuration,"",,,String,Agent
MonAgentTelStateDuration,Agent - Active Interaction State Duration,User,LongestInteractionStateDuration,"",,,String,Agent
MonAgentNumberOfConsultCalls,Agent - Number of Consultation Calls,User,TotalStatusCount,Consulting Call,,,String,Agent
MonAgentNumberOfMakeCalls,Agent - Number of Outbound Calls,User,InteractionsCount,"InteractionType==""Call"" && CallType==""External"" && Direction==""Outgoing""",,,String,Agent
MonAgentBreakDuration,Agent - Cumulative Break Group Duration,User,TotalStatusGroupDuration,BREAK,,,String,Agent
MonAgentWrapUpDuration,Agent - Cumulative Wrap Up Duration,User,TotalStatusDuration,Wrap Up,,,String,Agent
MonAgentUnavailableStateDuration,Agent - Cumulative Unavailable State Duration,User,TotalStatusDuration,Unavailable,,,String,Agent
MonAgentStateDesc,Agent - Current Status Group,User,CurStatusGroup,"",,,String,Agent
MonAgentNumMakeCallsInCompleted,Agent - Number of Answered Incoming Calls,User,InteractionsCount," (InteractionType==""Call"" ||  InteractionType==""Callback"") && Direction==""Incoming"" && IsAnswered && !IsTalk",,,String,Agent
MonAgentAverageInboundCallDuration,Agent - Average Call Duration,User,TalkDurationAvg,"CallType==""External"" && (InteractionType==""Call"" || InteractionType==""Callback"")  && Direction==""Incoming"" && !IsTalk",,,String,Agent
MonAgentPaperworkDuration,Agent - Cumulative Paperwork Group Duration,User,TotalStatusGroupDuration,PAPERWORK,,,String,Agent
MonSumAgentsAnsweredCalls,Agent Group - Number of Answered Incoming Calls and Callbacks,UsersInteraction,InteractionsCount,"CallType==""External"" && Direction==""Incoming"" && !IsTalk && !IsInQueue && (InteractionType == ""Call"" || InteractionType == ""Callback"") && IsAnswered",,,String,Agent
MonSumAgentsMakeCalls,Agent Group - Number of Otbound Calls,UsersInteraction,InteractionsCount,"CallType==""External"" && Direction==""Outgoing""",,,String,Agent
MonSumAgentsAverageChatDuration,Agent Group - Average Talk Duration in Incoming Chats,UsersInteraction,TalkDurationAvg,"CallType==""External"" && Direction==""Incoming"" && (InteractionType == ""Chat"") && !IsTalk && !IsInQueue",,,String,Agent
MonSumAgentsBreakDurationPercent,Agent Group - Percent of Agents in Break State Group,UsersInteraction,UsersInStatusGroupDurationPercent,BREAK,##0.00%,,String,Agent
MonSumAgentsPaperworkDurationPercent,Agent Group - Percent of Agents in Paperwork State Group,UsersInteraction,UsersInStatusGroupDurationPercent,PAPERWORK,##0.00%,,String,Agent
MonSumAgentsLongestCurrentCall,Agent Group - Current Max Talk Duration,UsersInteraction,TalkDurationCurMax,"CallType==""External"" && Direction==""Incoming""",,,String,Agent
MonAgentOutgoingCallbacksNum,Agent - Number of Outgoing Callbacks,User,InteractionsCount,"InteractionType==""Callback"" && Direction==""Outgoing"" && IsAnswered",,,String,Agent
QueueNumAnsweredCalls360sec,QM - Number of Answered Calls in 360 sec,Interactions Summary,InteractionsCount,"(InteractionType==""Call"") && (CallType==""External"")  && Direction == ""Incoming"" && IsAnswered && TimeInQueue<360",,,String,Agent
QueuePctAnsweredCalls360secInc,QM - Percent of Answered Calls in 360 sec from Incoming,Interactions Summary,Calc,[QueueNumIncomingCompletedCalls]==0 ? 0 : ((double)[QueueNumAnsweredCalls360sec]/[QueueNumIncomingCompletedCalls]),##0.00%,,String,Agent
MonAgentMaxCallDuration,Agent - Max Call Duration,User,TalkDurationMax,"CallType==""External"" && (InteractionType==""Call"" || InteractionType==""Callback"") && Direction==""Incoming""",,,String,Agent
MonAgentLoginTime,Agent - Cumulative Login Duration,User,TotalLoginDuration,"",,,String,Agent
MonAgentStateDescDuration,Agent - Current Status Group Duration,User,CurStatusGroupDuration,"",,,String,Agent
MonAgentFirstLoginTimeStamp,Agent - First Login Time Stamp,User,FirstLoginTimestamp,"",,,String,Agent
MonAgentCurrentLoginTimeStamp,Agent - Current Login Time Stamp,User,CurLoginTimeStamp,"",,,String,Agent
MonAgentProxyCallsNum,Agent - Number of Incoming Callbacks,User,InteractionsCount,"InteractionType==""Callback"" && Direction==""Incoming""  && IsAnswered && !IsCallbackRequest",,,String,Agent
MonAgentHeldDuration,Agent - Cumulative Hold Duration,User,TotalStatusDuration,Hold,,,String,Agent
