UserId,StatusId,ServerId,OnDate,StartTime,EndTime,Duration,UpdateTime,TimeZone
pavelkh,זמין,AMAN-SUPPORT,05/05/2026,2026-05-05 09:42:14.970,2026-05-05 09:44:34.423,139453,2026-05-05 06:44:34.427,
pavelkh,Ringing,AMAN-SUPPORT,05/05/2026,2026-05-05 09:44:34.423,2026-05-05 09:44:51.337,16913,2026-05-05 06:44:51.350,
pavelkh,זמין,AMAN-SUPPORT,05/05/2026,2026-05-05 09:47:03.083,2026-05-05 10:14:35.103,1652020,2026-05-05 07:14:35.110,
pavelkh,Wrap Up,AMAN-SUPPORT,05/05/2026,2026-05-05 10:14:35.103,2026-05-05 10:15:46.353,71250,2026-05-05 07:15:46.370,
maxim,SIGNOFF,AMAN-SUPPORT,05/05/2026,2026-05-05 11:57:57.177,2026-05-05 11:58:35.110,37934,2026-05-05 10:58:35.130,+02:00
maxim,הפסקה,AMAN-SUPPORT,05/05/2026,2026-05-05 14:45:33.600,2026-05-05 16:39:40.257,6846656,2026-05-05 15:39:40.277,+02:00
eran.plotkin,SIGNOFF,AMAN-SUPPORT,07/05/2026,2026-05-07 11:19:37.117,2026-05-07 11:21:08.607,91490,2026-05-07 10:21:08.627,+02:00
eran.plotkin,זמין,AMAN-SUPPORT,07/05/2026,2026-05-07 11:21:08.607,2026-05-07 11:21:32.933,24327,2026-05-07 10:21:32.943,+02:00
eran.plotkin,Incoming Ext Call,AMAN-SUPPORT,07/05/2026,2026-05-07 11:21:32.933,2026-05-07 11:23:17.667,104733,2026-05-07 10:23:17.673,+02:00
eran.plotkin,SIGNOFF,AMAN-SUPPORT,07/05/2026,2026-05-07 11:23:17.667,2026-05-07 11:28:45.240,327574,2026-05-07 10:28:45.273,+02:00
eran.plotkin,זמין,AMAN-SUPPORT,07/05/2026,2026-05-07 11:28:45.240,2026-05-07 11:28:46.223,983,2026-05-07 10:28:46.253,+02:00
eran.plotkin,Ringing,AMAN-SUPPORT,07/05/2026,2026-05-07 11:28:46.223,2026-05-07 11:29:38.427,52203,2026-05-07 10:29:38.433,+02:00
eran.plotkin,הפסקה,AMAN-SUPPORT,07/05/2026,2026-05-07 11:29:38.433,2026-05-07 11:30:26.370,47937,2026-05-07 10:30:26.397,+02:00
eran.plotkin,ניירת,AMAN-SUPPORT,07/05/2026,2026-05-07 11:30:26.370,2026-05-07 11:30:26.790,420,2026-05-07 10:30:26.803,+02:00
eran.plotkin,Ringing,AMAN-SUPPORT,07/05/2026,2026-05-07 11:30:26.790,2026-05-07 11:30:42.487,15696,2026-05-07 10:30:42.493,+02:00
eran.plotkin,Incoming Ext Call,AMAN-SUPPORT,07/05/2026,2026-05-07 11:30:42.487,2026-05-07 11:31:27.767,45280,2026-05-07 10:31:27.770,+02:00
eran.plotkin,Wrap Up,AMAN-SUPPORT,07/05/2026,2026-05-07 11:31:27.767,2026-05-07 11:31:58.173,30407,2026-05-07 10:31:58.173,+02:00
eran.plotkin,Incoming Ext Call,AMAN-SUPPORT,07/05/2026,2026-05-07 11:31:58.173,2026-05-07 11:32:26.777,28603,2026-05-07 10:32:26.780,+02:00
eran.plotkin,Wrap Up,AMAN-SUPPORT,07/05/2026,2026-05-07 11:32:26.777,2026-05-07 11:32:32.640,5864,2026-05-07 10:32:32.640,+02:00
eran.plotkin,Wrap Up,AMAN-SUPPORT,07/05/2026,2026-05-07 11:32:44.250,2026-05-07 11:32:49.277,5026,2026-05-07 10:32:49.277,+02:00
eran.plotkin,Wrap Up,AMAN-SUPPORT,07/05/2026,2026-05-07 11:32:54.020,2026-05-07 11:32:56.690,2670,2026-05-07 10:32:56.690,+02:00
eran.plotkin,ניירת,AMAN-SUPPORT,07/05/2026,2026-05-07 11:32:56.690,2026-05-07 11:33:25.520,28830,2026-05-07 10:33:25.523,+02:00
eran.plotkin,לא זמין,AMAN-SUPPORT,07/05/2026,2026-05-07 11:33:25.520,2026-05-07 11:34:50.887,85366,2026-05-07 10:34:50.890,+02:00
eran.plotkin,זמין,AMAN-SUPPORT,07/05/2026,2026-05-07 11:34:50.887,2026-05-07 11:35:00.767,9880,2026-05-07 10:35:00.800,+02:00
eran.plotkin,הפסקה,AMAN-SUPPORT,07/05/2026,2026-05-07 11:35:00.767,2026-05-07 11:35:42.203,41437,2026-05-07 10:35:42.210,+02:00
eran.plotkin,זמין,AMAN-SUPPORT,07/05/2026,2026-05-07 11:35:42.203,2026-05-07 11:37:41.073,118870,2026-05-07 10:37:41.077,+02:00
eran.plotkin,SIGNOFF,AMAN-SUPPORT,07/05/2026,2026-05-07 11:37:41.073,2026-05-07 11:37:48.680,7607,2026-05-07 10:37:48.680,+02:00
eran.plotkin,זמין,AMAN-SUPPORT,07/05/2026,2026-05-07 11:37:48.680,2026-05-07 11:38:05.180,16500,2026-05-07 10:38:05.183,+02:00
eran.plotkin,Incoming Ext Call,AMAN-SUPPORT,07/05/2026,2026-05-07 11:38:05.180,2026-05-07 11:38:48.087,42906,2026-05-07 10:38:48.090,+02:00
eran.plotkin,Wrap Up,AMAN-SUPPORT,07/05/2026,2026-05-07 11:38:48.087,2026-05-07 11:38:58.387,10300,2026-05-07 10:38:58.387,+02:00
eran.plotkin,זמין,AMAN-SUPPORT,07/05/2026,2026-05-07 12:11:01.817,2026-05-07 12:55:44.707,2682890,2026-05-07 11:55:44.713,+02:00
maxim,SIGNOFF,AMAN-SUPPORT,10/05/2026,2026-05-10 09:42:38.267,2026-05-10 09:43:25.727,47460,2026-05-10 08:43:25.747,+02:00
maxim,הפסקה,AMAN-SUPPORT,10/05/2026,2026-05-10 09:43:25.727,2026-05-10 09:43:33.697,7970,2026-05-10 08:43:33.697,+02:00
eran.plotkin,SIGNOFF,AMAN-SUPPORT,10/05/2026,2026-05-10 09:42:38.267,2026-05-10 14:58:33.120,18954854,2026-05-10 13:58:33.120,+02:00
eran.plotkin,SIGNOFF,AMAN-SUPPORT,13/05/2026,2026-05-13 14:28:04.690,2026-05-13 14:47:43.627,1178936,2026-05-13 13:47:43.647,+02:00
eran.plotkin,זמין,AMAN-SUPPORT,13/05/2026,2026-05-13 14:47:43.627,2026-05-13 14:47:51.440,7814,2026-05-13 13:47:51.450,+02:00
eran.plotkin,Incoming Ext Call,AMAN-SUPPORT,13/05/2026,2026-05-13 14:47:51.440,2026-05-13 14:51:42.280,230840,2026-05-13 13:51:42.290,+02:00
eran.plotkin,Wrap Up,AMAN-SUPPORT,13/05/2026,2026-05-13 14:51:42.280,2026-05-13 14:52:06.507,24226,2026-05-13 13:52:06.507,+02:00
eran.plotkin,זמין,AMAN-SUPPORT,13/05/2026,2026-05-13 14:52:06.507,2026-05-13 14:52:37.580,31074,2026-05-13 13:52:37.583,+02:00
eran.plotkin,Ringing,AMAN-SUPPORT,07/05/2026,2026-05-07 12:55:44.707,2026-05-07 12:56:13.010,28304,2026-05-07 11:56:13.013,+02:00
eran.plotkin,זמין,AMAN-SUPPORT,07/05/2026,2026-05-07 12:56:13.010,2026-05-07 12:56:24.157,11146,2026-05-07 11:56:24.163,+02:00
eran.plotkin,Incoming Ext Call,AMAN-SUPPORT,07/05/2026,2026-05-07 12:56:24.157,2026-05-07 12:56:26.270,2114,2026-05-07 11:56:26.273,+02:00
eran.plotkin,Wrap Up,AMAN-SUPPORT,07/05/2026,2026-05-07 12:56:26.270,2026-05-07 12:56:30.943,4673,2026-05-07 11:56:30.943,+02:00
eran.plotkin,זמין,AMAN-SUPPORT,07/05/2026,2026-05-07 12:56:30.943,2026-05-07 12:56:38.460,7517,2026-05-07 11:56:38.473,+02:00
eran.plotkin,זמין,AMAN-SUPPORT,10/05/2026,2026-05-10 14:58:33.120,2026-05-10 14:58:54.567,21446,2026-05-10 13:58:54.573,+02:00
eran.plotkin,Incoming Ext Call,AMAN-SUPPORT,10/05/2026,2026-05-10 14:58:54.567,2026-05-10 15:56:17.257,3442690,2026-05-10 14:56:17.263,+02:00
